{"probs":[0.10000000000000002,0.29999999999999993,0.2,0.10000000000000002,0.10000000000000002,0.10000000000000002,0.10000000000000002],"support":[{"posteriorPredictive_presentation_both":0.16984534254175337,"posteriorPredictive_presentation_handle":0.3557805674821056,"posteriorPredictive_presentation_button":0.4743740899761408,"phiLearning_presentation_NA":0.5,"phiPerformance_presentation_NA":0.21428571428571433,"phiPresentation_presentation_NA":0.28571428571428575,"posteriorPredictive_performance_both":0.16024114493653352,"posteriorPredictive_performance_handle":0.3598966521700572,"posteriorPredictive_performance_button":0.4798622028934095,"phiLearning_performance_NA":0.4999999999999999,"phiPerformance_performance_NA":0.3333333333333333,"phiPresentation_performance_NA":0.16666666666666666,"posteriorPredictive_learning_both":0.775425245074054,"posteriorPredictive_learning_handle":0.0962463235396911,"posteriorPredictive_learning_button":0.12832843138625485,"phiLearning_learning_NA":0.08333333333333333,"phiPerformance_learning_NA":0.7499999999999999,"phiPresentation_learning_NA":0.16666666666666666,"posteriorPredictive_noGoal_both":0.04567441791446086,"posteriorPredictive_noGoal_handle":0.4089966780366596,"posteriorPredictive_noGoal_button":0.5453289040488795,"phiLearning_noGoal_NA":0.7,"phiPerformance_noGoal_NA":0.30000000000000004,"phiPresentation_noGoal_NA":0,"optimality_NA_NA":4.454171613410887},{"posteriorPredictive_presentation_both":0.8685320869180608,"posteriorPredictive_presentation_handle":0.05634339132083115,"posteriorPredictive_presentation_button":0.0751245217611082,"phiLearning_presentation_NA":0,"phiPerformance_presentation_NA":0.7142857142857143,"phiPresentation_presentation_NA":0.28571428571428575,"posteriorPredictive_performance_both":0.16024114493653352,"posteriorPredictive_performance_handle":0.3598966521700572,"posteriorPredictive_performance_button":0.4798622028934095,"phiLearning_performance_NA":0.4999999999999999,"phiPerformance_performance_NA":0.3333333333333333,"phiPresentation_performance_NA":0.16666666666666666,"posteriorPredictive_learning_both":0.775425245074054,"posteriorPredictive_learning_handle":0.0962463235396911,"posteriorPredictive_learning_button":0.12832843138625485,"phiLearning_learning_NA":0.08333333333333333,"phiPerformance_learning_NA":0.7499999999999999,"phiPresentation_learning_NA":0.16666666666666666,"posteriorPredictive_noGoal_both":0.04567441791446086,"posteriorPredictive_noGoal_handle":0.4089966780366596,"posteriorPredictive_noGoal_button":0.5453289040488795,"phiLearning_noGoal_NA":0.7,"phiPerformance_noGoal_NA":0.30000000000000004,"phiPresentation_noGoal_NA":0,"optimality_NA_NA":4.454171613410887},{"posteriorPredictive_presentation_both":0.8670983363091024,"posteriorPredictive_presentation_handle":0.05695785586752765,"posteriorPredictive_presentation_button":0.0759438078233702,"phiLearning_presentation_NA":0,"phiPerformance_presentation_NA":0.7142857142857143,"phiPresentation_presentation_NA":0.28571428571428575,"posteriorPredictive_performance_both":0.16067330405199798,"posteriorPredictive_performance_handle":0.35971144112057224,"posteriorPredictive_performance_button":0.4796152548274296,"phiLearning_performance_NA":0.4999999999999999,"phiPerformance_performance_NA":0.3333333333333333,"phiPresentation_performance_NA":0.16666666666666666,"posteriorPredictive_learning_both":0.7738083730824732,"posteriorPredictive_learning_handle":0.09693926867894004,"posteriorPredictive_learning_button":0.1292523582385867,"phiLearning_learning_NA":0.08333333333333333,"phiPerformance_learning_NA":0.7499999999999999,"phiPresentation_learning_NA":0.16666666666666666,"posteriorPredictive_noGoal_both":0.046087659709046984,"posteriorPredictive_noGoal_handle":0.40881957441040845,"posteriorPredictive_noGoal_button":0.5450927658805446,"phiLearning_noGoal_NA":0.7,"phiPerformance_noGoal_NA":0.30000000000000004,"phiPresentation_noGoal_NA":0,"optimality_NA_NA":4.434990922386962},{"posteriorPredictive_presentation_both":0.8616913771227923,"posteriorPredictive_presentation_handle":0.059275124090231876,"posteriorPredictive_presentation_button":0.07903349878697585,"phiLearning_presentation_NA":0,"phiPerformance_presentation_NA":0.7142857142857143,"phiPresentation_presentation_NA":0.28571428571428575,"posteriorPredictive_performance_both":0.16228077237901695,"posteriorPredictive_performance_handle":0.35902252612327856,"posteriorPredictive_performance_button":0.47869670149770466,"phiLearning_performance_NA":0.4999999999999999,"phiPerformance_performance_NA":0.3333333333333333,"phiPresentation_performance_NA":0.16666666666666666,"posteriorPredictive_learning_both":0.7677669027803624,"posteriorPredictive_learning_handle":0.09952847023698758,"posteriorPredictive_learning_button":0.1327046269826501,"phiLearning_learning_NA":0.08333333333333333,"phiPerformance_learning_NA":0.7499999999999999,"phiPresentation_learning_NA":0.16666666666666666,"posteriorPredictive_noGoal_both":0.04764548044176065,"posteriorPredictive_noGoal_handle":0.40815193695353125,"posteriorPredictive_noGoal_button":0.5442025826047083,"phiLearning_noGoal_NA":0.7,"phiPerformance_noGoal_NA":0.30000000000000004,"phiPresentation_noGoal_NA":0,"optimality_NA_NA":4.364125936329142},{"posteriorPredictive_presentation_both":0.8616913771227923,"posteriorPredictive_presentation_handle":0.059275124090231876,"posteriorPredictive_presentation_button":0.07903349878697585,"phiLearning_presentation_NA":0,"phiPerformance_presentation_NA":0.7142857142857143,"phiPresentation_presentation_NA":0.28571428571428575,"posteriorPredictive_performance_both":0.16228077237901695,"posteriorPredictive_performance_handle":0.35902252612327856,"posteriorPredictive_performance_button":0.47869670149770466,"phiLearning_performance_NA":0.4999999999999999,"phiPerformance_performance_NA":0.3333333333333333,"phiPresentation_performance_NA":0.16666666666666666,"posteriorPredictive_learning_both":0.8410011058051015,"posteriorPredictive_learning_handle":0.06814238322638512,"posteriorPredictive_learning_button":0.09085651096851352,"phiLearning_learning_NA":0.05263157894736842,"phiPerformance_learning_NA":0.47368421052631576,"phiPresentation_learning_NA":0.47368421052631576,"posteriorPredictive_noGoal_both":0.04764548044176065,"posteriorPredictive_noGoal_handle":0.40815193695353125,"posteriorPredictive_noGoal_button":0.5442025826047083,"phiLearning_noGoal_NA":0.7,"phiPerformance_noGoal_NA":0.30000000000000004,"phiPresentation_noGoal_NA":0,"optimality_NA_NA":4.364125936329142},{"posteriorPredictive_presentation_both":0.8616913771227923,"posteriorPredictive_presentation_handle":0.059275124090231876,"posteriorPredictive_presentation_button":0.07903349878697585,"phiLearning_presentation_NA":0,"phiPerformance_presentation_NA":0.7142857142857143,"phiPresentation_presentation_NA":0.28571428571428575,"posteriorPredictive_performance_both":0.16228077237901695,"posteriorPredictive_performance_handle":0.35902252612327856,"posteriorPredictive_performance_button":0.47869670149770466,"phiLearning_performance_NA":0.4999999999999999,"phiPerformance_performance_NA":0.3333333333333333,"phiPresentation_performance_NA":0.16666666666666666,"posteriorPredictive_learning_both":0.5577939890177971,"posteriorPredictive_learning_handle":0.18951686184951544,"posteriorPredictive_learning_button":0.2526891491326873,"phiLearning_learning_NA":0.2631578947368421,"phiPerformance_learning_NA":0.2631578947368421,"phiPresentation_learning_NA":0.4736842105263158,"posteriorPredictive_noGoal_both":0.04764548044176065,"posteriorPredictive_noGoal_handle":0.40815193695353125,"posteriorPredictive_noGoal_button":0.5442025826047083,"phiLearning_noGoal_NA":0.7,"phiPerformance_noGoal_NA":0.30000000000000004,"phiPresentation_noGoal_NA":0,"optimality_NA_NA":4.364125936329142},{"posteriorPredictive_presentation_both":0.8616913771227923,"posteriorPredictive_presentation_handle":0.059275124090231876,"posteriorPredictive_presentation_button":0.07903349878697585,